"Project","Client","Description","Time (h)","Time (decimal)"
"Maintenance","Integrim","Mise a jour mensuel","01:00:00","1.00"
"Maintenance","Integrim","mise a jour mensuel","01:15:33","1.26"
"Maintenance","Integrim","Tests suire aux modifications","00:22:45","0.38"
"Maintenance","Integrim","Mise à jour PHP","00:00:02","0.00"
"Maintenance","Integrim","Mise à jour des plugins, du thème, et de wordpress","00:05:01","0.08"
"Maintenance","Integrim","Mettre en place un outil de disponibilité","00:07:00","0.12"
"Maintenance","Integrim","Migrer le site de production vers staging","00:17:00","0.28"
"Maintenance","Integrim","Optimisation de la base de données","00:00:54","0.02"
"Maintenance","Integrim","Analyse de sécurité et de performance","00:15:01","0.25"
"Maintenance","Integrim","Sauvegarde complète du site","00:05:00","0.08"
"Maintenance","Integrim","Mise en place d'un environnement de staging","00:14:31","0.24"
"Maintenance","Integrim","Maintenance mensuel","00:29:41","0.49"
"Peinture MF - App","H31","envrionnement de dev","03:00:00","3.00"
"Simon","CCDMD","premiere connection","00:13:12","0.22"
"Simon","CCDMD","Restructuration des reponses des exercises","05:13:39","5.23"
"Simon","CCDMD","001_SplashScreen && Creation de compte && Mot de passe oublie","09:30:18","9.51"
"Simon","CCDMD","Revision post MVP","09:57:00","9.95"
"Simon","CCDMD","vue resultat, admin, connexion","15:14:02","15.23"
"Simon","CCDMD","Incorporer le code du simulatreur 3D dans la page des exercises du site si-mon.","00:55:23","0.92"
"Simon","CCDMD","Setup dev environnement","00:34:30","0.58"
"Simon","CCDMD","a propos texte","00:36:45","0.61"
"Simon","CCDMD","review front-end sauf exercices","06:03:07","6.05"
"Simon","CCDMD","Page exercices","02:00:01","2.00"
"Simon","CCDMD","finir tutoriel admin first time login","02:29:49","2.50"
"Simon","CCDMD","login, forgot password, validation, edit forms","04:00:01","4.00"
"Simon","CCDMD","validation mauvais courriel reset password(readonly)","00:19:48","0.33"
"Simon","CCDMD","Signup, login, logout","07:09:10","7.15"
"Simon","CCDMD","(Without description)","06:00:18","6.01"
"Simon","CCDMD","gestion des exercices au first login et blocage des exercies si non rendu la","01:14:28","1.24"
"Simon","CCDMD","seeder et test preparation meeting","03:10:00","3.17"
"Simon","CCDMD","modif metal ccdmd","01:00:00","1.00"
"Simon","CCDMD","Exercices - Validations","22:32:56","22.55"
"Simon","CCDMD","001_SplashScreen","03:03:36","3.06"
"Simon - 3D","CCDMD","Exercice UI et meeting","03:00:03","3.00"
"Simon - 3D","CCDMD","Exercice UI","11:50:00","11.83"
"Support","H31","Demande de correctif site web c9agence","02:45:06","2.75"
"Support","H31","H31 peinture MF","04:00:01","4.00"
"Support","H31","C9 et H31 ajout  et configuration de l'extension CookieYess","01:00:00","1.00"
"Support","H31","Version PHP","01:00:00","1.00"
"Support","H31","H31 bug affichage informations supplementaires dans une realisation","01:59:32","1.99"
